{"cameraMode":{"drawMode":0,"name":"Shaded","section":"Shading Mode"},"sceneLighting":false,"audioPlay":false,"sceneViewState":{"showFog":true,"showMaterialUpdate":false,"showSkybox":false,"showFlares":true,"showImageEffects":true,"showParticleSystems":true},"in2DMode":false,"pivot":{"x":1.695123553276062,"y":-3.052178382873535,"z":15.895566940307618},"rotation":{"x":-0.4390120506286621,"y":-0.033067721873521808,"z":0.01637042686343193,"w":-0.8977882862091065},"size":1.5268141031265259,"orthographic":false}