{"cameraMode":{"drawMode":0,"name":"Shaded","section":"Shading Mode"},"sceneLighting":false,"audioPlay":false,"sceneViewState":{"showFog":true,"showMaterialUpdate":false,"showSkybox":false,"showFlares":true,"showImageEffects":true,"showParticleSystems":true},"in2DMode":false,"pivot":{"x":-23.76955795288086,"y":18.16682243347168,"z":-19.570531845092775},"rotation":{"x":-0.553084671497345,"y":-0.10374396294355393,"z":0.0698777586221695,"w":-0.8237524032592773},"size":0.9924275279045105,"orthographic":false}