{"cameraMode":{"drawMode":0,"name":"Shaded","section":"Shading Mode"},"sceneLighting":false,"audioPlay":false,"sceneViewState":{"showFog":true,"showMaterialUpdate":false,"showSkybox":false,"showFlares":true,"showImageEffects":true,"showParticleSystems":true},"in2DMode":false,"pivot":{"x":-11.040000915527344,"y":32.650001525878909,"z":0.08000001311302185},"rotation":{"x":-0.46903449296951296,"y":0.08775224536657334,"z":-0.04676811397075653,"w":-0.87761390209198},"size":1.732050895690918,"orthographic":false}