{"cameraMode":{"drawMode":0,"name":"Shaded","section":"Shading Mode"},"sceneLighting":false,"audioPlay":false,"sceneViewState":{"showFog":true,"showMaterialUpdate":false,"showSkybox":true,"showFlares":true,"showImageEffects":true,"showParticleSystems":true},"in2DMode":false,"pivot":{"x":1.5199999809265137,"y":-1.2599999904632569,"z":16.709999084472658},"rotation":{"x":-0.2742762863636017,"y":0.006529040168970823,"z":-0.0013133398024365306,"w":-0.9617294669151306},"size":1.746469259262085,"orthographic":false}