{"cameraMode":{"drawMode":0,"name":"Shaded","section":"Shading Mode"},"sceneLighting":false,"audioPlay":false,"sceneViewState":{"showFog":true,"showMaterialUpdate":false,"showSkybox":false,"showFlares":true,"showImageEffects":true,"showParticleSystems":true},"in2DMode":false,"pivot":{"x":-42.26041793823242,"y":1.3733444213867188,"z":30.61427116394043},"rotation":{"x":-0.553084671497345,"y":-0.10374396294355393,"z":0.0698777586221695,"w":-0.8237524032592773},"size":0.7631351947784424,"orthographic":false}