{"cameraMode":{"drawMode":0,"name":"Shaded","section":"Shading Mode"},"sceneLighting":false,"audioPlay":false,"sceneViewState":{"showFog":true,"showMaterialUpdate":false,"showSkybox":false,"showFlares":true,"showImageEffects":true,"showParticleSystems":true},"in2DMode":false,"pivot":{"x":-39.91267395019531,"y":31.449310302734376,"z":-39.56188201904297},"rotation":{"x":-0.553084671497345,"y":-0.10374396294355393,"z":0.0698777586221695,"w":-0.8237524032592773},"size":1.4710280895233155,"orthographic":false}