{"cameraMode":{"drawMode":0,"name":"Shaded","section":"Shading Mode"},"sceneLighting":false,"audioPlay":false,"sceneViewState":{"showFog":true,"showMaterialUpdate":false,"showSkybox":false,"showFlares":true,"showImageEffects":true,"showParticleSystems":true},"in2DMode":false,"pivot":{"x":-3.4099998474121095,"y":1.870081901550293,"z":-2.549999237060547},"rotation":{"x":-0.46903449296951296,"y":0.08775224536657334,"z":-0.04676811397075653,"w":-0.87761390209198},"size":1.4142135381698609,"orthographic":false}