{"cameraMode":{"drawMode":0,"name":"Shaded","section":"Shading Mode"},"sceneLighting":false,"audioPlay":false,"sceneViewState":{"showFog":true,"showMaterialUpdate":false,"showSkybox":false,"showFlares":true,"showImageEffects":true,"showParticleSystems":true},"in2DMode":false,"pivot":{"x":-47.70099639892578,"y":-3.1871063709259035,"z":9.80398941040039},"rotation":{"x":-0.4390120506286621,"y":-0.033067721873521808,"z":0.01637042686343193,"w":-0.8977882862091065},"size":1.7320518493652344,"orthographic":false}