{"cameraMode":{"drawMode":0,"name":"Shaded","section":"Shading Mode"},"sceneLighting":false,"audioPlay":false,"sceneViewState":{"showFog":true,"showMaterialUpdate":false,"showSkybox":false,"showFlares":true,"showImageEffects":true,"showParticleSystems":true},"in2DMode":false,"pivot":{"x":0.0,"y":-1.4288854598999024,"z":1.2613998651504517},"rotation":{"x":-0.46903449296951296,"y":0.08775224536657334,"z":-0.04676811397075653,"w":-0.87761390209198},"size":2.9052276611328127,"orthographic":false}