{"cameraMode":{"drawMode":0,"name":"Shaded","section":"Shading Mode"},"sceneLighting":false,"audioPlay":false,"sceneViewState":{"showFog":true,"showMaterialUpdate":false,"showSkybox":false,"showFlares":true,"showImageEffects":true,"showParticleSystems":true},"in2DMode":false,"pivot":{"x":-0.17499999701976777,"y":5.434708595275879,"z":-0.6743486523628235},"rotation":{"x":-0.26123735308647158,"y":0.007821192033588887,"z":-0.0021023210138082506,"w":-0.9652536511421204},"size":1.304955005645752,"orthographic":false}