{"cameraMode":{"drawMode":0,"name":"Shaded","section":"Shading Mode"},"sceneLighting":false,"audioPlay":false,"sceneViewState":{"showFog":true,"showMaterialUpdate":false,"showSkybox":false,"showFlares":true,"showImageEffects":true,"showParticleSystems":true},"in2DMode":false,"pivot":{"x":13.9840669631958,"y":1.246016025543213,"z":-10.065566062927246},"rotation":{"x":-0.48847445845603945,"y":-0.002009135438129306,"z":0.001332243555225432,"w":-0.8726412653923035},"size":1.2920337915420533,"orthographic":false}